City_ID,City,Lat,Lng,Max Temp,Humidity,Cloudiness,Wind Speed,Country,Date
0,palmer,42.1584,-72.3287,14.66,82,75,0.0,US,1683521439
1,ribeira grande,38.5167,-28.7,16.54,96,100,4.02,PT,1683521439
2,ulsteinvik,62.3432,5.8487,11.28,52,32,1.34,NO,1683521439
3,vilyuysk,63.7553,121.6247,-3.99,67,98,2.98,RU,1683521439
4,la passe,45.5549,-0.8967,13.88,91,48,0.43,FR,1683521439
5,tegueste,28.5167,-16.3167,18.93,90,100,12.07,ES,1683521439
6,albany,42.6001,-73.9662,13.68,86,100,2.1,US,1683521408
7,coquimbo,-29.9533,-71.3436,12.85,94,0,1.03,CL,1683521239
8,dhuusamarreeb,5.535,46.3861,27.52,60,53,8.71,SO,1683521440
9,edinburgh of the seven seas,-37.0676,-12.3116,14.47,63,48,3.03,SH,1683521440
10,kirensk,57.7853,108.1119,9.38,75,100,3.55,RU,1683521440
11,kristiansund,63.1115,7.732,8.36,66,0,1.54,NO,1683521440
12,bredasdorp,-34.5322,20.0403,11.79,89,16,1.94,ZA,1683521440
13,port-aux-francais,-49.35,70.2167,4.34,63,100,6.92,TF,1683521440
14,chaozhou,23.6651,116.6379,22.92,76,100,1.35,CN,1683521441
15,fale old settlement,-9.3852,-171.2468,28.81,77,46,4.22,TK,1683521441
16,mazamari,-11.3258,-74.5308,19.79,96,77,0.72,PE,1683521441
17,papao,-17.75,-149.55,27.82,76,100,0.88,PF,1683521441
18,phan rang-thap cham,11.5667,108.9833,35.78,49,100,5.71,VN,1683521441
19,alta,69.9689,23.2717,5.59,76,75,4.63,NO,1683521441
20,utrik,11.2278,169.8474,26.89,83,59,8.06,MH,1683521441
21,tazacorte,28.629,-17.9293,20.54,83,20,8.75,ES,1683521441
22,red deer,52.2668,-113.802,11.83,66,0,3.6,CA,1683521060
23,stanley,54.868,-1.6985,11.27,88,20,1.03,GB,1683521442
24,bull savanna,17.8868,-77.5902,23.5,84,64,2.0,JM,1683521442
25,port mathurin,-19.6833,63.4167,26.0,68,35,10.7,MU,1683521442
26,ballarat east,-37.5592,143.8744,9.77,88,81,1.34,AU,1683521442
27,isla vista,34.4133,-119.861,15.34,83,0,2.06,US,1683521442
28,kilindoni,-7.9139,39.6668,26.63,76,6,6.82,TZ,1683521442
29,longyearbyen,78.2186,15.6401,-2.09,80,75,2.57,SJ,1683521442
30,bobrovytsya,50.75,31.3833,6.55,59,99,6.02,UA,1683521443
31,namtsy,62.7161,129.6658,-1.13,50,49,6.46,RU,1683521443
32,aasiaat,68.7098,-52.8699,-2.94,83,93,4.01,GL,1683521443
33,kayangel,8.0823,134.7173,28.76,71,83,2.95,PW,1683521443
34,whitehorse,60.7161,-135.0538,10.43,37,20,4.63,CA,1683521366
35,susuman,62.7833,148.1667,5.94,55,53,3.28,RU,1683521443
36,thompson,55.7435,-97.8558,10.09,53,0,2.57,CA,1683521443
37,atafu village,-8.5421,-172.5159,29.17,77,17,4.64,TK,1683521443
38,blackmans bay,-43.0167,147.3167,12.07,83,98,6.72,AU,1683521443
39,fort mcmurray,56.7268,-111.381,14.77,41,100,3.09,CA,1683521444
40,nakamura,32.9833,132.9333,20.75,52,63,2.31,JP,1683521444
41,puerto baquerizo moreno,-0.9,-89.6,26.35,87,88,4.65,EC,1683521444
42,puerto natales,-51.7236,-72.4875,4.34,86,70,1.52,CL,1683521224
43,tank,32.2217,70.3793,26.36,33,0,4.09,PK,1683521444
44,jamestown,42.097,-79.2353,14.73,89,100,2.57,US,1683521444
45,inhambane,-23.865,35.3833,17.99,93,20,0.0,MZ,1683521444
46,tsiombe,-25.3,45.4833,22.87,65,1,2.78,MG,1683521445
47,san patricio,28.017,-97.5169,26.97,82,100,6.17,US,1683521445
48,vernon,50.2581,-119.2691,13.74,67,95,1.03,CA,1683521445
49,shache,38.4167,77.2406,17.99,18,100,1.99,CN,1683521445
50,bilibino,68.0546,166.4372,-1.16,76,49,1.09,RU,1683521445
51,petropavlovsk-kamchatsky,53.0452,158.6483,7.33,46,75,6.0,RU,1683521445
52,south portland,43.6415,-70.2409,17.01,57,100,3.09,US,1683521228
53,kapa'a,22.0752,-159.319,26.99,73,75,7.2,US,1683521445
54,punta arenas,-53.15,-70.9167,7.06,70,0,3.6,CL,1683521158
55,bohicon,7.1783,2.0667,23.67,90,17,1.36,BJ,1683521446
56,waitangi,-43.9535,-176.5597,14.9,89,100,1.79,NZ,1683521446
57,georgetown,5.4112,100.3354,32.96,70,20,1.54,MY,1683521159
58,chonchi,-42.6128,-73.8092,6.18,96,24,0.74,CL,1683521240
59,borogontsy,62.6683,131.1683,-0.03,41,15,5.46,RU,1683521446
60,invercargill,-46.4,168.35,13.09,90,100,1.65,NZ,1683521442
61,bethel,41.3712,-73.414,15.27,86,100,1.54,US,1683521446
62,grytviken,-54.2811,-36.5092,2.82,96,97,5.6,GS,1683521446
63,newman,37.3138,-121.0208,17.19,70,32,2.55,US,1683521447
64,rabo de peixe,37.8,-25.5833,17.73,94,75,6.17,PT,1683521447
65,lompoc,34.6391,-120.4579,13.21,86,0,4.63,US,1683521447
66,college,64.8569,-147.8028,11.99,43,100,3.09,US,1683521447
67,cova figueira,14.8905,-24.2934,20.04,82,2,7.65,CV,1683521447
68,papatowai,-46.5619,169.4708,12.57,86,100,1.89,NZ,1683521447
69,alofi,-19.0595,-169.9187,26.94,78,40,2.06,NU,1683521447
70,yellowknife,62.456,-114.3525,14.29,38,20,3.6,CA,1683521414
71,tiksi,71.6872,128.8694,-9.49,76,74,6.4,RU,1683521448
72,turkmenbasy,40.0222,52.9552,22.43,23,0,2.06,TM,1683521448
73,margaret river,-33.95,115.0667,21.5,41,100,6.06,AU,1683521448
74,adamstown,-25.066,-130.1015,21.88,59,100,9.85,PN,1683521448
75,hasaki,35.7333,140.8333,13.22,83,100,12.37,JP,1683521448
76,hamilton,39.1834,-84.5333,17.21,93,0,2.57,US,1683521211
77,hongwon,40.0253,127.9558,15.68,57,3,4.37,KP,1683521448
78,isafjordur,66.0755,-23.124,6.0,93,98,1.95,IS,1683521449
79,iskateley,67.6803,53.1512,-1.97,90,68,3.07,RU,1683521449
80,wailua homesteads,22.0669,-159.378,26.24,73,75,7.2,US,1683521449
81,thurgoona,-36.0451,146.9919,14.89,100,24,3.58,AU,1683521449
82,qamdo,31.1667,97.2333,10.3,22,79,3.76,CN,1683521449
83,port saint john's,-31.6229,29.5448,18.19,93,100,2.41,ZA,1683521449
84,fort st. john,56.2499,-120.8529,8.94,76,100,3.09,CA,1683521311
85,west island,-12.1568,96.8225,30.99,79,40,3.09,CC,1683521449
86,mukalla,14.5425,49.1242,29.08,59,11,1.96,YE,1683521449
87,bardai,11.65,7.2333,23.31,61,89,3.72,NG,1683521450
88,sitka,57.0531,-135.33,8.94,61,75,4.63,US,1683521450
89,revda,56.801,59.9303,3.59,49,38,5.47,RU,1683521450
90,zeya,53.75,127.2667,6.8,62,100,7.07,RU,1683521450
91,tazovsky,67.4667,78.7,-2.73,94,100,12.73,RU,1683521450
92,vyazemskiy,47.5378,134.7525,19.99,25,51,7.03,RU,1683521450
93,ta`u,-14.2336,-169.5144,27.81,75,26,5.54,AS,1683521451
94,iqaluit,63.7506,-68.5145,-7.15,79,20,4.12,CA,1683521451
95,nova sintra,14.8667,-24.7167,19.65,81,0,9.36,CV,1683521451
96,thenzawl,23.3167,92.75,35.17,16,0,2.18,IN,1683521451
97,puerto san jose,13.9256,-90.8244,28.71,76,10,1.08,GT,1683521451
98,mujiayingzi,42.1167,118.7833,23.94,12,69,4.69,CN,1683521451
99,kyshtovka,56.555,76.6271,22.66,28,78,7.09,RU,1683521451
100,nuku'alofa,-21.1333,-175.2,27.19,83,20,2.57,TO,1683521451
101,hillsborough,37.5741,-122.3794,12.89,81,20,4.12,US,1683521452
102,jinchang,38.4953,102.1739,10.29,73,100,5.72,CN,1683521452
103,tayu,-6.5397,111.0518,30.66,64,100,2.63,ID,1683521452
104,touros,-5.1989,-35.4608,24.45,89,18,4.46,BR,1683521452
105,sao joao da barra,-21.6403,-41.0511,22.18,88,9,0.7,BR,1683521286
106,hilo,19.7297,-155.09,23.85,81,20,3.09,US,1683521452
107,solleftea,63.1667,17.2667,-0.08,67,90,0.93,SE,1683521452
108,qaqortoq,60.7167,-46.0333,0.6,85,100,1.23,GL,1683521452
109,tosontsengel,48.7567,98.2839,10.08,41,100,3.17,MN,1683521453
110,taoudenni,22.6783,-3.9836,31.99,10,81,4.4,ML,1683521453
111,daru,-9.0763,143.2092,28.32,82,54,6.09,PG,1683521453
112,khanty-mansiysk,61.0042,69.0019,4.06,56,40,11.18,RU,1683521453
113,nishinoomote,30.7333,131.0,19.31,72,75,5.14,JP,1683521453
114,labytnangi,66.6572,66.4183,-4.53,91,100,6.77,RU,1683521453
115,mejit,10.2753,170.8646,27.24,83,69,7.58,MH,1683521453
116,hede,33.7681,120.2517,20.46,40,100,4.22,CN,1683521454
117,keflavik,64.0049,-22.5624,9.24,87,75,5.14,IS,1683521454
118,badger,64.8,-147.5333,11.95,35,100,3.09,US,1683521454
119,mount gambier,-37.8333,140.7667,13.7,73,97,4.9,AU,1683521454
120,howrah,22.5892,88.3103,35.0,59,0,3.09,IN,1683521454
121,wellington,-41.2866,174.7756,19.77,79,93,5.66,NZ,1683521217
122,likiep,9.8251,169.3107,27.13,84,100,6.53,MH,1683521454
123,egilsstadir,65.2653,-14.3948,7.95,81,75,2.57,IS,1683521455
124,bullhead city,35.1478,-114.5683,26.16,19,0,3.6,US,1683521455
125,hermanus,-34.4187,19.2345,15.01,77,11,1.77,ZA,1683521455
126,kulhudhuffushi,6.6221,73.07,29.14,73,71,5.46,MV,1683521455
127,hithadhoo,-0.6,73.0833,28.68,73,78,6.34,MV,1683521455
128,socorro,31.6546,-106.3033,26.21,11,0,2.06,US,1683521455
129,phultala,22.7,89.5167,38.92,23,0,3.06,BD,1683521455
130,massakory,12.996,15.7293,28.78,15,98,2.75,TD,1683521456
131,popondetta,-8.7537,148.2534,30.67,64,56,2.59,PG,1683521456
132,lerwick,60.1545,-1.1494,8.0,98,100,10.06,GB,1683521456
133,tolanaro,-25.0319,46.9987,22.04,83,20,4.12,MG,1683521456
134,ushuaia,-54.8,-68.3,9.81,53,0,4.63,AR,1683521456
135,gaalkacyo,6.7697,47.4308,26.45,68,75,7.43,SO,1683521456
136,ola,59.5833,151.2833,6.19,83,52,3.19,RU,1683521456
137,peruibe,-24.32,-46.9983,21.3,91,84,1.37,BR,1683521456
138,paphos,34.7667,32.4167,17.88,72,20,2.06,CY,1683521457
139,olonkinbyen,70.9221,-8.7187,1.35,100,100,3.62,SJ,1683521457
140,san julian,21.0167,-102.1667,19.6,48,81,3.47,MX,1683521457
141,boguchany,58.3814,97.4531,20.61,40,54,4.3,RU,1683521457
142,hailar,49.2,119.7,12.78,15,1,8.66,CN,1683521457
143,lubang,13.8584,120.124,29.2,72,2,3.03,PH,1683521457
144,katima mulilo,-17.5,24.2667,13.02,60,0,2.4,NA,1683521457
145,gamay,12.3854,125.2979,31.33,59,17,3.35,PH,1683521457
146,afaahiti,-17.75,-149.2833,26.93,78,100,3.18,PF,1683521458
147,kapuskasing,49.4169,-82.4331,7.0,45,0,3.09,CA,1683521458
148,portland,45.5234,-122.6762,14.02,68,75,5.66,US,1683520772
149,pitea,65.3172,21.4794,5.05,68,77,1.43,SE,1683521458
150,omagh,54.6,-7.3,12.55,99,100,2.47,GB,1683521458
151,smithers,54.7804,-127.1743,10.18,50,20,5.14,CA,1683521458
152,kuala tungkal,-0.8167,103.4667,30.57,62,100,1.11,ID,1683521459
153,san luis de la loma,17.2706,-100.8939,28.05,68,31,1.98,MX,1683521459
154,yaren,-0.5472,166.916,29.26,73,23,4.04,NR,1683521459
155,cidreira,-30.1811,-50.2056,19.49,93,100,1.65,BR,1683521459
156,nar'yan-mar,67.6713,53.087,-1.85,90,70,3.14,RU,1683521458
157,hawaiian paradise park,19.5933,-154.9731,23.73,88,20,3.09,US,1683521459
158,kerikeri,-35.2268,173.9474,19.39,92,100,1.34,NZ,1683521459
159,east london,-33.0153,27.9116,16.52,88,40,1.54,ZA,1683521459
160,kavieng,-2.5744,150.7967,29.07,76,77,3.95,PG,1683521317
161,port elizabeth,-33.918,25.5701,18.16,86,100,4.63,ZA,1683521460
162,sept-iles,50.2001,-66.3821,6.0,58,75,3.6,CA,1683521342
163,cedartown,34.0537,-85.255,20.8,83,96,3.28,US,1683521460
164,guaimaca,14.5333,-86.8167,20.82,71,94,2.01,HN,1683521460
165,umea,63.8284,20.2597,5.51,81,0,0.0,SE,1683521460
166,tra mhor,52.1624,-7.1524,12.83,86,100,2.24,IE,1683521460
167,gornozavodsk,58.3758,58.3211,1.05,55,100,6.0,RU,1683521460
168,st. john's,47.5649,-52.7093,4.04,77,75,6.69,CA,1683521267
169,ujae,8.9322,165.7642,27.99,81,68,5.84,MH,1683521461
170,rongelap,11.1635,166.8941,27.45,82,65,8.04,MH,1683521461
171,port alfred,-33.5906,26.891,18.66,73,97,5.58,ZA,1683521461
172,bubaque,11.2833,-15.8333,26.42,80,94,5.45,GW,1683521461
173,corbelia,-24.7989,-53.3067,19.32,97,98,1.41,BR,1683521461
174,knyaginino,55.8228,45.0349,5.04,53,4,3.07,RU,1683521461
175,melekeok village,7.4957,134.6367,30.31,70,75,4.12,PW,1683521461
176,gizo,-8.103,156.8419,29.12,74,95,2.26,SB,1683521462
177,callao,-12.0667,-77.15,22.62,78,20,6.17,PE,1683521347
178,vadso,70.0744,29.7487,4.49,81,75,6.17,NO,1683521462
179,nuuk,64.1835,-51.7216,1.34,86,86,3.09,GL,1683521224
180,umba,66.6871,34.3429,1.13,92,100,4.56,RU,1683521462
181,bullsbrook,-31.6667,116.0,24.03,33,0,5.66,AU,1683521183
182,vorgashor,67.5833,63.95,-9.39,83,100,9.84,RU,1683521462
183,laguna,38.421,-121.4238,15.08,66,0,4.12,US,1683521462
184,pasni,25.2631,63.471,28.65,70,0,6.91,PK,1683521462
185,mukharram al fawqani,34.8151,37.0861,14.77,76,57,3.98,SY,1683521463
186,sault ste. marie,46.5168,-84.3333,10.16,92,0,2.06,CA,1683521121
187,kenora,49.8167,-94.4337,9.54,93,100,7.2,CA,1683521463
188,maffra,-37.9667,146.9833,13.48,61,83,5.27,AU,1683521463
189,weno,7.4515,151.8468,31.97,70,75,3.6,FM,1683521463
190,wanganui,-39.9333,175.05,18.66,83,97,0.45,NZ,1683521463
191,selfoss,63.9331,-20.9971,9.47,81,100,6.52,IS,1683521463
192,yurga,55.7231,84.8861,24.13,27,24,3.83,RU,1683521195
193,arenapolis,-14.4503,-56.8461,22.96,84,57,0.33,BR,1683521464
194,sinop,41.7711,34.8709,8.24,98,100,1.8,TR,1683521464
195,iskitim,54.6366,83.3045,24.19,28,1,2.85,RU,1683521464
196,sumbawa besar,-8.5,117.4333,32.08,57,100,4.67,ID,1683521464
197,cabo san lucas,22.8909,-109.9124,26.95,57,97,6.26,MX,1683521464
198,ma'rib,15.4591,45.3253,28.79,13,33,1.41,YE,1683521464
199,dunedin,-45.8742,170.5036,13.78,91,91,2.21,NZ,1683521464
200,puerto ayora,-0.7393,-90.3518,26.42,95,66,3.58,EC,1683521457
201,san sebastian de la gomera,28.0916,-17.1133,22.2,52,0,2.57,ES,1683521465
202,luocheng,29.3848,104.0286,15.32,90,100,2.49,CN,1683521465
203,praia da vitoria,38.7333,-27.0667,19.14,94,75,5.76,PT,1683521465
204,ivins,37.1686,-113.6794,19.62,29,2,1.04,US,1683521465
205,vylkove,45.4021,29.586,12.62,75,99,3.65,UA,1683521465
206,tuy hoa,13.0833,109.3,33.39,53,100,3.23,VN,1683521465
207,san narciso,15.0143,120.0803,33.0,69,51,5.16,PH,1683521465
208,maintirano,-18.0667,44.0167,24.64,74,60,2.54,MG,1683521465
209,prilep,41.3464,21.5544,12.95,80,60,0.87,MK,1683521355
210,toropets,56.4978,31.6353,5.43,48,12,0.62,RU,1683521466
211,kedrovyy,56.1667,91.8167,21.23,25,51,1.09,RU,1683521317
212,udachny,66.4167,112.4,-3.08,35,54,3.59,RU,1683521466
213,kisangani,0.5167,25.2,21.43,94,94,0.47,CD,1683521466
214,argostolion,38.1811,20.489,18.07,68,16,1.31,GR,1683521466
215,ankazoabo,-22.2833,44.5167,22.34,57,1,1.6,MG,1683521466
216,betare oya,5.6,14.0833,19.24,81,97,1.02,CM,1683521466
217,vershino-darasunskiy,52.35,115.5167,12.09,18,12,4.54,RU,1683521467
218,carnarvon,-24.8667,113.6333,29.03,37,1,5.35,AU,1683521467
219,coahuayana de hidalgo,18.7,-103.6583,24.75,81,26,1.24,MX,1683521467
220,zhanaozen,43.3,52.8,20.72,32,100,7.05,KZ,1683521467
221,ust-nera,64.5667,143.2,4.83,70,97,3.31,RU,1683521467
222,geraldton,-28.7667,114.6,29.23,24,40,6.69,AU,1683521467
223,lincoln city,44.9582,-124.0179,11.53,85,100,0.89,US,1683521467
224,constitucion,-35.3333,-72.4167,12.48,75,0,2.87,CL,1683521291
225,dudinka,69.4058,86.1778,-5.21,78,100,6.78,RU,1683521468
226,harper,4.375,-7.7169,26.08,84,100,0.13,LR,1683521468
227,sinabang,2.4803,96.3801,26.82,83,100,6.58,ID,1683521468
228,jeddah,21.5169,39.2192,26.92,65,20,2.06,SA,1683521325
229,tura,25.5198,90.2201,34.49,25,0,2.83,IN,1683521468
230,bamako,12.65,-8.0,23.23,88,40,3.6,ML,1683521468
231,avarua,-21.2078,-159.775,25.03,94,40,0.51,CK,1683521468
232,tuensang,26.2833,94.8333,29.25,35,0,1.9,IN,1683521468
233,malvan,16.0667,73.4667,29.66,68,92,3.17,IN,1683521469
234,leava,-14.3,-178.1667,28.16,74,7,1.51,WF,1683521469
235,terrace,54.5163,-128.6035,9.95,61,20,3.09,CA,1683521469
236,naeso,35.2497,128.52,20.69,23,0,2.57,KR,1683521469
237,znamenskoye,57.1281,73.8282,14.87,35,56,5.77,RU,1683521469
238,forster,-32.1667,152.5167,16.88,43,28,4.02,AU,1683521469
239,tyukhtet,56.5389,89.3011,23.44,26,63,3.08,RU,1683521469
240,trevelin,-43.0858,-71.4639,4.03,88,8,1.61,AR,1683521350
241,hotan,37.0997,79.9269,16.95,16,91,3.92,CN,1683521469
242,altay,47.8667,88.1167,8.42,66,100,0.68,CN,1683521470
243,grand falls-windsor,48.9332,-55.6649,4.17,83,100,3.1,CA,1683521470
244,nefta,33.8731,7.8777,27.14,37,76,4.82,TN,1683521470
245,greymouth,-42.4667,171.2,16.57,91,95,1.76,NZ,1683521470
246,anadyr,64.75,177.4833,0.28,74,40,3.0,RU,1683521470
247,gryfice,53.9165,15.2003,2.14,82,6,2.57,PL,1683521470
248,amga,60.8953,131.9608,1.09,54,100,4.3,RU,1683521470
249,sao sebastiao do paraiso,-20.9169,-46.9914,14.87,90,87,1.18,BR,1683521471
250,klyuchi,52.2667,79.1667,25.54,20,0,1.37,RU,1683521471
251,al jawf,29.5,38.75,19.49,43,0,9.62,SA,1683521471
252,lashio,22.9333,97.75,37.36,21,1,2.09,MM,1683521471
253,hampton bays,40.869,-72.5176,15.21,93,100,1.54,US,1683521362
254,bengkulu,-3.8004,102.2655,28.7,68,100,3.17,ID,1683521467
255,palikir - national government center,6.9248,158.1611,29.41,79,100,1.54,FM,1683521471
256,phek,25.6667,94.5,25.93,26,0,1.4,IN,1683521471
257,barentu,15.1139,37.5928,28.51,31,26,2.37,ER,1683521472
258,fasa,28.9383,53.6482,19.58,21,0,0.0,IR,1683521472
259,leh,34.1667,77.5833,1.58,52,84,2.42,IN,1683521472
260,meizhou,24.2977,116.1072,25.66,65,95,1.66,CN,1683521472
261,waingapu,-9.6567,120.2641,29.71,66,70,8.71,ID,1683521472
262,nabire,-3.3667,135.4833,30.01,70,92,2.31,ID,1683521353
263,kolpashevo,58.3131,82.9089,24.15,23,26,7.04,RU,1683521472
264,salekhard,66.53,66.6019,-5.0,94,100,6.79,RU,1683521472
265,gonabad,34.3529,58.6837,18.04,34,0,0.0,IR,1683521473
266,quellon,-43.1167,-73.6167,1.14,100,19,0.0,CL,1683521473
267,ulladulla,-35.35,150.4667,15.43,54,91,8.68,AU,1683521473
268,nguruka,-5.1092,31.0419,19.05,87,49,1.13,TZ,1683521473
269,thames,-37.1333,175.5333,17.68,86,71,2.94,NZ,1683521473
270,naze,28.3667,129.4833,20.51,72,98,8.39,JP,1683521473
271,lihue,21.9789,-159.3672,26.58,73,75,7.2,US,1683521473
272,amilly,47.9728,2.7719,12.71,99,45,0.89,FR,1683521473
273,zahedan,29.4963,60.8629,22.95,18,0,3.09,IR,1683521474
274,gunjur,13.2019,-16.7339,22.04,94,0,0.0,GM,1683521474
275,vavozh,56.7751,51.931,4.09,48,9,4.19,RU,1683521474
276,vilyuchinsk,52.9306,158.4028,8.15,77,47,2.92,RU,1683521474
277,constantia,44.1833,28.65,11.5,68,84,1.18,RO,1683521474
278,haiku-pauwela,20.9219,-156.3051,24.01,68,40,10.8,US,1683521474
279,mana,5.6592,-53.7767,24.58,94,100,3.29,GF,1683521474
280,cill airne,52.05,-9.5167,13.07,99,100,1.95,IE,1683521475
281,nagqu,31.5,92.0,8.34,17,41,9.36,CN,1683521475
282,isla mujeres,21.2311,-86.731,26.76,76,56,5.29,MX,1683521475
283,grand forks,47.9417,-97.4337,9.85,99,100,4.12,US,1683521475
284,levuka,50.1834,-105.4011,9.9,86,98,4.09,CA,1683521475
285,ilulissat,69.2167,-51.1,-0.99,93,100,2.06,GL,1683521475
286,spassk-dal'niy,44.5978,132.8211,20.26,25,4,5.26,RU,1683521476
287,itaituba,-4.2761,-55.9836,23.81,96,95,0.77,BR,1683521476
288,bandar-e genaveh,29.5791,50.517,26.01,36,73,2.09,IR,1683521476
289,tindouf,27.6711,-8.1474,20.25,52,0,4.12,DZ,1683521476
290,kruisfontein,-34.0033,24.7314,12.71,84,55,1.8,ZA,1683521476
291,fortuna,40.5982,-124.1573,12.59,63,98,3.52,US,1683521476
292,loiza,18.4313,-65.8802,26.71,79,0,2.57,PR,1683521476
293,noumea,-22.2763,166.4572,27.99,99,80,3.39,NC,1683521234
294,eureka,40.8021,-124.1637,12.74,69,99,3.13,US,1683521477
295,sao francisco de paula,-29.4481,-50.5836,16.49,97,100,2.41,BR,1683521477
296,xilin hot,43.9667,116.0333,18.4,24,28,4.17,CN,1683521477
297,greenville,35.6127,-77.3663,21.18,80,0,4.63,US,1683521421
298,beau vallon,-20.4189,57.6953,26.23,69,40,5.66,MU,1683521477
299,san jeronimo,-11.9472,-75.2829,9.31,91,100,1.15,PE,1683521477
300,baotou,40.6522,109.8222,19.29,30,11,2.51,CN,1683521477
301,sinan,34.8262,126.1086,19.06,62,92,3.81,KR,1683521478
302,colonia,50.9333,6.95,14.98,89,100,2.57,DE,1683521478
303,yakeshi,49.2833,120.7333,11.88,15,2,9.29,CN,1683521478
304,molde,62.7375,7.1591,7.06,81,0,2.06,NO,1683521478
305,mandalgovi,45.7625,106.2708,16.34,16,100,3.51,MN,1683521478
306,kralendijk,12.15,-68.2667,26.99,78,75,8.23,BQ,1683521478
307,komsomolets,53.7453,62.0708,8.71,29,100,3.73,KZ,1683521478
308,chaohu,31.6,117.8667,21.52,35,99,4.13,CN,1683521479
309,capitan bado,-23.2667,-55.5333,19.84,99,99,2.46,PY,1683521479
310,aweil,8.7682,27.4002,27.77,58,99,2.61,SS,1683521479
311,chardara,41.2547,67.9692,21.02,33,0,0.87,KZ,1683521479
312,al kharijah,25.4514,30.5464,22.13,32,6,2.22,EG,1683521479
313,tofol,5.3248,163.0078,26.88,89,100,1.54,FM,1683521479
314,qui nhon,13.7667,109.2333,29.68,70,100,2.84,VN,1683521479
315,chernyshevskiy,63.0128,112.4714,-0.98,75,53,0.34,RU,1683521479
316,cobija,-11.0267,-68.7692,21.46,99,100,0.77,BO,1683521480
317,acajutla,13.5928,-89.8275,27.67,78,3,1.93,SV,1683521275
318,podporozh'ye,60.9112,34.1706,5.22,60,37,3.48,RU,1683521480
319,carutapera,-1.195,-46.02,24.64,93,51,2.67,BR,1683521480
320,dolores,-36.3132,-57.6792,13.79,88,96,4.55,AR,1683521480
321,ulanhot,46.0833,122.0833,18.74,9,1,9.16,CN,1683521480
322,morelos,18.75,-99.0,23.53,54,98,0.53,MX,1683521480
323,kurumkan,54.3,110.3,12.47,42,40,2.79,RU,1683521481
324,enewetak,11.3474,162.3373,27.47,79,100,6.9,MH,1683521481
325,kourou,5.1552,-52.6478,25.03,95,100,3.34,GF,1683521481
326,sur,22.5667,59.5289,32.14,41,0,1.84,OM,1683521481
327,santyoku,37.4406,129.1708,16.11,40,16,1.84,KR,1683521481
328,tucurui,-3.7661,-49.6725,24.33,90,82,1.05,BR,1683521481
329,la gi,10.6667,107.7833,31.26,68,100,7.43,VN,1683521481
330,fort bragg,35.139,-79.006,21.91,73,0,4.12,US,1683521481
331,wacheng,33.7833,114.5167,25.05,29,56,3.44,CN,1683521482
332,kertih,4.5141,103.4483,33.01,62,20,2.57,MY,1683521482
333,anse royale,-4.7333,55.5167,28.32,84,40,4.12,SC,1683521482
334,berezovyy,51.6667,135.7,18.44,24,25,3.48,RU,1683521482
335,floro,61.5996,5.0328,10.98,54,75,6.69,NO,1683521482
336,richards bay,-28.783,32.0377,19.22,92,98,1.97,ZA,1683521482
337,toba,34.4833,136.85,20.0,62,17,11.75,JP,1683521482
338,boende,-0.2167,20.8667,22.35,98,100,0.09,CD,1683521482
339,urengoy,65.9667,78.3667,2.6,98,100,10.8,RU,1683521483
340,boca suno,-0.7167,-77.1333,21.5,98,74,0.96,EC,1683521483
341,porto novo,6.4965,2.6036,26.9,82,54,1.99,BJ,1683521398
342,jember,-8.166,113.7032,31.99,59,87,2.27,ID,1683521483
343,old town,50.087,14.4202,7.47,86,0,2.57,CZ,1683521483
344,rodolfo sanchez taboada,31.7167,-116.5667,15.06,79,1,2.68,MX,1683521483
345,mrakovo,52.7161,56.6244,7.79,38,99,3.15,RU,1683521483
346,vila velha,-20.3297,-40.2925,21.64,96,40,1.03,BR,1683521483
347,ugoofaaru,5.6667,73.0,29.17,73,67,5.95,MV,1683521484
348,moapa valley,36.5805,-114.4703,22.67,19,2,2.74,US,1683521484
349,minas de marcona,-15.2119,-75.1103,15.63,87,84,4.43,PE,1683521465
350,alice springs,-23.7,133.8833,16.75,23,17,7.72,AU,1683521484
351,puerto aysen,-45.4,-72.7,3.5,96,70,1.32,CL,1683521291
352,kitimat,54.0524,-128.6534,10.21,68,100,1.3,CA,1683521484
353,lebu,-37.6167,-73.65,8.93,77,29,3.65,CL,1683521484
354,dombarovskiy,50.7587,59.5386,13.31,48,99,6.03,RU,1683521484
355,katsuren-haebaru,26.3369,127.8719,23.43,70,100,4.63,JP,1683521303
356,petershagen,52.3833,8.9667,9.2,89,40,1.54,DE,1683521485
357,bodo,67.28,14.405,8.02,75,75,5.66,NO,1683521485
358,tobruk,32.0836,23.9764,17.91,76,0,3.39,LY,1683521485
359,sungai penuh,-2.0833,101.3833,22.81,76,98,1.67,ID,1683521388
360,port macquarie,-31.4333,152.9167,20.5,32,8,7.58,AU,1683521485
361,tabou,4.423,-7.3528,25.8,85,100,0.37,CI,1683521485
362,cambria,35.5641,-121.0808,13.68,86,2,2.24,US,1683521485
363,san ignacio cerro gordo,20.75,-102.5333,19.92,40,61,1.87,MX,1683521485
364,shingu,33.7333,135.9833,19.35,48,30,3.38,JP,1683521486
365,oranjemund,-28.55,16.4333,11.47,93,35,2.38,NA,1683521486
366,mongoumba,3.6415,18.5936,20.8,90,94,0.96,CF,1683521486
367,sao paulo de olivenca,-3.3783,-68.8725,22.63,99,73,0.5,BR,1683521486
368,corfu,39.62,19.9197,14.9,94,0,0.0,GR,1683521486
369,kita,13.0349,-9.4895,29.57,42,100,1.49,ML,1683521486
370,freeport,40.6576,-73.5832,18.96,81,100,2.57,US,1683521486
371,bonthe,7.5264,-12.505,26.71,82,86,0.9,SL,1683521486
372,nova olimpia,-14.7972,-57.2881,22.79,90,25,0.71,BR,1683521312
373,kodiak,57.79,-152.4072,5.73,70,100,0.0,US,1683521487
374,omutninsk,58.67,52.1932,2.7,52,23,4.86,RU,1683521487
375,gorontalo,0.5412,123.0595,30.44,78,100,0.38,ID,1683521487
376,melfort,52.8667,-104.6177,11.07,54,99,2.57,CA,1683521487
377,castillos,-34.1667,-53.8333,12.34,91,37,3.43,UY,1683521487
378,tianpeng,30.9866,103.9393,18.13,77,100,2.57,CN,1683521315
379,porto cristo,39.5395,3.333,16.29,82,77,1.67,ES,1683521211
380,happy valley-goose bay,53.3168,-60.3315,0.17,93,100,2.06,CA,1683521488
381,tokat,40.4167,36.5833,6.09,94,100,1.0,TR,1683521488
382,el calafate,-50.3408,-72.2768,5.16,73,79,2.52,AR,1683521488
383,al burayqah,30.4062,19.5739,18.5,56,0,4.4,LY,1683521488
384,padre paraiso,-17.0742,-41.4844,15.55,98,3,1.17,BR,1683521488
385,djougou,9.7085,1.666,23.3,83,88,1.76,BJ,1683521488
386,prince rupert,54.3161,-130.3201,8.05,87,0,3.6,CA,1683521488
387,marang,5.2056,103.2059,32.95,64,100,1.61,MY,1683521488
388,talnakh,69.4865,88.3972,-5.44,67,92,2.26,RU,1683521473
389,nemuro,43.3236,145.575,1.48,95,100,9.06,JP,1683521489
390,mont-tremblant,46.1949,-74.6264,6.77,70,42,0.51,CA,1683521489
391,oconomowoc,43.1117,-88.4993,11.73,97,81,3.53,US,1683521489
392,savanna-la-mar,18.219,-78.1332,26.97,88,53,1.36,JM,1683521489
393,elumalai,9.8667,77.7,29.14,61,98,1.35,IN,1683521489
394,letlhakane,-21.4167,25.5833,15.88,55,17,5.49,BW,1683521489
395,emerald,-23.5333,148.1667,21.3,21,0,5.57,AU,1683521489
396,usogorsk,63.4106,48.6872,0.83,62,37,3.93,RU,1683521490
397,magadan,59.5667,150.8,5.85,81,24,3.25,RU,1683521241
398,ambon,-3.6954,128.1814,31.08,90,40,3.6,ID,1683521490
399,balakhta,55.38,91.6,19.85,28,18,1.69,RU,1683521490
400,wenzhou,27.9994,120.6668,21.95,64,82,1.95,CN,1683521490
401,visakhapatnam,17.69,83.2093,33.94,55,40,2.57,IN,1683521490
402,poxoreo,-15.8372,-54.3892,19.56,72,2,1.59,BR,1683521490
403,amahai,-3.3333,128.9167,29.65,74,70,2.53,ID,1683521490
404,okhotsk,59.3833,143.3,3.53,76,33,4.48,RU,1683521491
405,pont rouge,48.8833,-72.0825,8.16,53,14,4.76,CA,1683521491
406,broome,42.2506,-75.833,13.72,96,100,3.09,US,1683521491
407,arraial do cabo,-22.9661,-42.0278,23.61,87,0,6.45,BR,1683521491
408,pandan,14.0453,124.1694,30.87,64,7,2.51,PH,1683521491
409,pailon,-17.65,-62.75,19.5,89,100,3.34,BO,1683521491
410,owase,34.0667,136.2,18.04,57,39,4.58,JP,1683521491
411,mount isa,-20.7333,139.5,22.87,17,4,7.2,AU,1683521491
412,soio,-6.1349,12.3689,26.45,91,95,3.3,AO,1683521492
413,gadzhiyevo,69.2551,33.3362,1.12,96,100,7.01,RU,1683521492
414,mamuju,-2.6748,118.8885,30.21,68,95,1.56,ID,1683521492
415,saint-joseph,-21.3667,55.6167,26.93,76,93,4.23,RE,1683521492
416,berriane,32.8265,3.7669,20.45,47,1,11.63,DZ,1683521492
417,tchintabaraden,15.8969,5.7985,26.1,12,86,5.3,NE,1683521492
418,scottburgh,-30.2867,30.7532,17.21,94,100,4.03,ZA,1683521492
419,chiang rai,19.9167,99.9167,37.95,55,5,1.54,TH,1683521492
420,kolonia,50.9333,6.95,14.98,89,100,2.57,DE,1683521235
421,prado,-17.3411,-39.2208,22.53,92,15,2.71,BR,1683521493
422,flying fish cove,-10.4217,105.6791,28.82,78,75,5.14,CX,1683521493
423,hirara,24.8,125.2833,22.92,94,75,4.63,JP,1683521493
424,pisco,-13.7,-76.2167,20.03,83,85,3.6,PE,1683521493
425,mirnyy,62.5353,113.9611,0.69,40,72,0.89,RU,1683521493
426,mazatlan,23.2167,-106.4167,27.73,39,73,0.45,MX,1683521493
427,karachi,24.9056,67.0822,30.9,62,40,3.6,PK,1683521415
428,sisimiut,66.9395,-53.6735,-1.25,84,86,4.92,GL,1683521494
429,sosnovo-ozerskoye,52.5249,111.5418,14.61,24,26,5.3,RU,1683521494
430,rangkasbitung,-6.3591,106.2494,32.38,64,100,1.54,ID,1683521494
431,saint-philippe,-21.3585,55.7679,26.77,79,100,5.2,RE,1683521494
432,rudsar,37.1376,50.288,17.99,64,100,2.62,IR,1683521494
433,moroni,-11.7022,43.2551,26.46,77,10,4.72,KM,1683521494
434,bel ombre,-4.6167,55.4167,28.91,84,40,4.12,SC,1683521494
435,gomez farias,23.05,-99.15,24.29,87,100,0.61,MX,1683521494
436,korla,41.7597,86.1469,13.85,28,100,1.14,CN,1683521494
437,lib,8.3122,167.3766,28.35,79,81,5.5,MH,1683521495
438,kamina,-8.7386,24.9906,15.37,72,5,1.48,CD,1683521495
439,selkirk,50.1436,-96.8845,13.08,74,99,2.24,CA,1683521251
440,siwa oasis,29.2041,25.5195,18.82,53,0,2.35,EG,1683521495
441,kidal,18.4411,1.4078,30.63,21,83,0.62,ML,1683521495
442,fernie,49.5,-115.0687,9.05,98,100,1.21,CA,1683521495
443,puerto armuelles,8.2833,-82.8667,26.19,74,98,1.73,PA,1683521294
444,gilgit,35.9221,74.3087,10.38,84,100,1.03,PK,1683521495
445,harur,12.0667,78.5,29.63,62,93,2.84,IN,1683521496
446,waiuku,-37.25,174.75,20.14,85,100,4.9,NZ,1683521496
447,vorkuta,67.5,64.0,-9.05,84,100,9.87,RU,1683521474
448,ban selaphum,16.0167,103.95,28.01,37,99,3.42,TH,1683521496
449,carauari,-4.8828,-66.8958,22.89,99,82,0.54,BR,1683521496
450,oriximina,-1.7656,-55.8661,23.46,94,93,1.09,BR,1683521496
451,barnard castle,54.5415,-1.919,11.84,88,100,3.06,GB,1683521496
452,jabat,7.75,168.9751,28.41,79,21,6.21,MH,1683521496
453,belmonte,-15.8631,-38.8828,23.44,90,24,4.03,BR,1683521497
454,walvis bay,-22.9575,14.5053,7.53,100,100,2.57,NA,1683521497
455,childress,34.4264,-100.204,23.14,40,0,10.29,US,1683521300
456,port douglas,-16.4833,145.4667,25.84,70,35,7.14,AU,1683521497
457,pemangkat,1.1667,108.9667,31.76,63,46,4.49,ID,1683521497
458,island harbour,50.724,-1.2758,11.67,96,100,1.34,GB,1683521497
459,choibalsan,48.0667,114.5,16.18,17,1,4.42,MN,1683521497
460,jatai,-17.8814,-51.7144,18.14,77,6,0.38,BR,1683521498
461,lazaro cardenas,17.9583,-102.2,26.27,76,3,0.58,MX,1683521498
462,crane,31.3974,-102.3501,25.93,50,4,8.27,US,1683521498
463,redencao,-4.2258,-38.7306,22.55,94,10,0.47,BR,1683521498
464,kalampaka,39.7044,21.6269,16.58,75,9,0.58,GR,1683521498
465,kharkhorin,47.1975,102.8238,15.52,20,100,5.52,MN,1683521498
466,wagar,16.1525,36.2032,29.35,20,13,4.23,SD,1683521498
467,cuito,-12.3833,16.9333,13.27,64,86,0.99,AO,1683521498
468,liwale,-9.7667,37.9333,19.91,76,0,1.52,TZ,1683521498
469,tha yang,12.9577,99.9055,35.0,44,62,5.17,TH,1683521499
470,nikel,69.4128,30.222,4.1,91,100,3.74,RU,1683521499
471,boufarik,36.5741,2.9121,14.81,93,27,1.27,DZ,1683521499
472,orange walk,17.8333,-88.8333,23.34,98,6,0.91,BZ,1683521499
473,al bayda',32.7627,21.7551,14.01,60,0,2.64,LY,1683521499
474,bridgetown,13.1,-59.6167,27.27,83,40,5.14,BB,1683521497
475,afonso claudio,-20.0742,-41.1239,17.73,93,2,1.53,BR,1683521499
476,tateyama,34.9833,139.8667,14.56,80,99,7.87,JP,1683521499
477,tbeng meanchey,13.8167,104.9667,40.39,35,100,1.0,KH,1683521500
478,katsuura,35.1333,140.3,13.32,84,100,9.85,JP,1683521500
479,necochea,-38.5473,-58.7368,13.89,88,100,7.53,AR,1683521500
480,tenkodogo,11.78,-0.3697,29.18,51,100,2.28,BF,1683521500
481,pamekasan,-7.1568,113.4746,29.88,63,99,1.15,ID,1683521500
482,pskov,57.8136,28.3496,0.95,80,0,0.0,RU,1683521500
483,christchurch,-43.5333,172.6333,20.18,69,44,5.14,NZ,1683521237
484,torres,-29.3353,-49.7269,22.13,95,100,1.79,BR,1683521501
485,ichinohe,40.2069,141.3017,3.49,98,100,3.24,JP,1683521501
486,aginskoye,51.1,114.53,14.96,17,13,4.69,RU,1683521501
487,new norfolk,-42.7826,147.0587,12.73,87,100,2.16,AU,1683521501
488,cafayate,-26.073,-65.9761,13.19,64,29,1.07,AR,1683521501
489,acarau,-2.8856,-40.12,24.82,85,53,3.67,BR,1683521501
490,samalut,28.3121,30.7101,20.1,57,0,4.12,EG,1683521501
491,cole harbour,44.6724,-63.4751,9.66,82,81,7.2,CA,1683521502
492,west wodonga,-36.1257,146.8486,14.94,100,21,4.07,AU,1683521502
493,kirkwall,58.9848,-2.9587,8.31,100,100,7.72,GB,1683521502
494,nako,31.8814,78.627,2.12,42,21,3.29,IN,1683521502
495,pierre,44.3683,-100.351,13.51,82,100,8.05,US,1683521502
496,isiro,2.7739,27.616,20.11,91,43,0.36,CD,1683521502
497,borkum,53.5809,6.6915,10.97,89,44,6.83,DE,1683521502
498,malango,-2.9627,119.9001,23.68,90,94,0.91,ID,1683521489
499,santiago de cao,-7.9589,-79.2392,23.07,88,87,4.12,PE,1683521503
500,saipan,15.1355,145.701,31.39,100,20,7.2,MP,1683521486
501,ryotsu-minato,38.0833,138.4333,10.89,79,98,5.65,JP,1683521503
502,lucas,41.6501,-83.6666,19.08,81,0,3.6,US,1683521503
503,polyarnyy,69.1989,33.4478,1.44,94,99,6.9,RU,1683521503
504,big spring,32.2504,-101.4787,26.25,68,0,9.26,US,1683521503
505,farmington,36.7281,-108.2187,16.38,24,0,0.0,US,1683521288
506,hitachi,36.6,140.65,12.26,78,98,6.42,JP,1683521503
507,ebon,4.582,168.6964,28.46,78,98,5.26,MH,1683521504
508,horta,38.5333,-28.6333,16.12,96,100,4.02,PT,1683521504
509,verkhnevilyuysk,63.4453,120.3167,-2.23,63,100,2.44,RU,1683521504
510,am timan,11.0297,20.2827,26.51,63,60,2.77,TD,1683521504
511,wakkanai,45.4094,141.6739,14.99,29,75,5.14,JP,1683521504
512,koh kong,11.6175,102.9806,31.84,67,99,3.05,KH,1683521504
513,taber,49.8167,-112.1518,11.91,76,85,3.6,CA,1683521504
514,ancud,-41.8697,-73.8203,6.41,92,9,2.14,CL,1683521505
515,jingdezhen,29.2947,117.2079,22.29,58,86,1.45,CN,1683521505
516,cocieri,47.3075,29.1103,9.09,68,100,2.9,MD,1683521505
517,port lincoln,-34.7333,135.8667,15.15,58,98,5.3,AU,1683521505
518,korfovskiy,48.2183,135.0564,18.7,21,87,3.62,RU,1683521505
519,karkkila,60.5342,24.2098,7.46,53,52,2.81,FI,1683521505
520,san andres,12.5847,-81.7006,28.01,74,20,4.12,CO,1683521505
521,paita,-5.0892,-81.1144,24.76,80,60,5.62,PE,1683521505
522,calama,-22.4667,-68.9333,11.27,28,0,8.23,CL,1683521291
523,el alto,-4.2714,-81.2147,24.61,78,14,6.21,PE,1683521506
524,nioki,-2.7167,17.6833,21.78,97,99,0.26,CD,1683521506
525,holualoa,19.6228,-155.9522,24.91,77,40,6.17,US,1683521306
526,taoyuan city,24.9937,121.297,21.34,94,75,6.69,TW,1683521506
527,bayindir,38.2174,27.6474,15.34,74,1,3.03,TR,1683521506
528,konosha,60.9736,40.257,4.49,55,16,1.91,RU,1683521506
529,st. thomas,42.7736,-81.1804,12.49,87,55,4.69,CA,1683521378
530,makurazaki,31.2667,130.3167,18.02,68,82,5.09,JP,1683521506
531,gondar,12.6,37.4667,21.43,43,79,1.47,ET,1683521507
532,conception bay south,47.4999,-52.9981,3.91,77,100,5.79,CA,1683521283
533,mega,4.05,38.3,16.62,84,46,4.75,ET,1683521507
534,asilah,35.465,-6.0348,17.98,69,11,1.89,MA,1683521507
535,kyabe,9.4515,18.9449,26.16,67,97,2.03,TD,1683521507
536,sorong,-0.8833,131.25,29.38,74,58,3.26,ID,1683521507
537,fiambala,-27.6871,-67.6149,14.0,48,1,0.49,AR,1683521507
538,la isla,18.6,-96.15,25.55,83,11,2.43,MX,1683521507
539,lexington,37.9887,-84.4777,16.18,87,0,0.0,US,1683521274
540,nadym,65.5333,72.5167,-2.42,92,100,13.0,RU,1683521508
541,buchanan,5.8808,-10.0467,25.67,87,61,1.65,LR,1683521508
542,zhangye,38.9342,100.4517,5.98,88,100,6.71,CN,1683521508
543,little falls,40.869,-74.2082,18.91,84,100,2.57,US,1683521508
544,pemba,-12.974,40.5178,21.39,88,20,4.12,MZ,1683521508
545,vredendal,-31.6683,18.5012,11.54,87,6,0.87,ZA,1683521508
546,beira,-19.8436,34.8389,20.05,100,40,3.13,MZ,1683521509
547,kavaratti,10.5669,72.642,28.89,69,76,4.9,IN,1683521509
548,guardo,42.7897,-4.8482,9.5,51,88,0.97,ES,1683521509
549,manicore,-5.8092,-61.3003,22.81,99,70,0.39,BR,1683521509
550,gurun,5.8172,100.4738,31.88,67,100,2.03,MY,1683521509
551,maceio,-9.6658,-35.7353,23.69,94,40,1.03,BR,1683521414
552,yangjiang,21.85,111.9667,23.09,82,100,4.47,CN,1683521509
553,nizhnesortymskiy,62.4397,71.7603,5.79,51,88,12.98,RU,1683521509
554,rio grande,-32.035,-52.0986,16.41,90,100,5.64,BR,1683521510
555,villa juarez,24.6536,-107.5411,25.3,34,100,3.95,MX,1683521510
556,peace river,56.2501,-117.286,9.17,100,100,2.57,CA,1683521510
557,edirne,41.6772,26.556,9.89,68,38,0.44,TR,1683521510
558,kibakwe,-6.7167,36.3667,18.43,77,41,1.26,TZ,1683521510
559,port blair,11.6667,92.75,31.74,65,100,1.6,IN,1683521510
560,waddan,29.1614,16.139,20.73,26,74,4.08,LY,1683521510
561,kaedi,16.1465,-13.5047,30.79,15,100,1.57,MR,1683521511
562,khasab,26.1799,56.2477,31.75,35,2,1.71,OM,1683521511
563,fuglafjordur,62.244,-6.814,9.26,98,100,9.87,FO,1683521511
564,zhangjiakou,40.81,114.8794,22.28,10,11,1.5,CN,1683521511
565,aswan,24.0934,32.907,21.61,32,0,3.6,EG,1683521511
566,mcgregor,26.5609,-81.9145,23.02,75,0,5.14,US,1683521511
567,rechka-vydrino,51.485,104.8461,5.97,75,68,1.31,RU,1683521511
568,turpan,42.9333,89.1667,22.0,15,72,1.89,CN,1683521511
569,murzuq,25.9155,13.9184,22.73,16,84,3.15,LY,1683521512
570,robore,-18.3333,-59.75,22.02,96,100,1.22,BO,1683521512
571,byndoor,13.8667,74.6333,31.31,57,99,3.02,IN,1683521512
572,mossendjo,-2.9506,12.7261,21.32,99,100,0.43,CG,1683521512
573,imbituba,-28.24,-48.6703,20.43,95,85,2.38,BR,1683521507
574,pontianak,-0.0333,109.3333,30.99,74,75,6.17,ID,1683521512
575,remire-montjoly,4.9167,-52.2667,25.02,94,75,0.0,GF,1683521512
576,hadibu,12.65,54.0333,28.98,55,32,1.25,YE,1683521512
577,kampene,-3.6,26.6667,20.74,98,45,0.64,CD,1683521513
578,san antonio de pale,-1.4014,5.6325,28.06,79,100,3.67,GQ,1683521513
579,kamakhyanagar,20.9333,85.55,39.87,22,30,1.76,IN,1683521513
580,howard springs,-12.497,131.047,32.68,45,46,5.14,AU,1683521513
581,madang,-5.2246,145.7966,30.48,69,77,3.13,PG,1683521513
